{
    "rmse": 1172025.6977081378,
    "r2_score": 0.603293382458362
}