{
    "rmse": 1140858.0106509791,
    "r2_score": 0.6241120796582017
}